*year,value
"1850",0
"1850.083",-0.000102418311731273
"1850.167",0.000280148009397907
"1850.25",0.000549195764700278
"1850.333",0.00107761973322573
"1850.417",0.000896566051628578
"1850.5",0.000453294176774172
"1850.583",-0.00114190861631885
"1850.667",-0.00136601192702954
"1850.75",-0.0015391173593636
"1850.833",-0.000822564292809386
"1850.917",0.000142550671318631
"1851",-0.00000169703652258546
"1851.083",-0.000104087168942862
"1851.167",0.000278494049957972
"1851.25",0.000547595305545351
"1851.333",0.00107596055096076
"1851.417",0.000894873175407873
"1851.5",0.000451622348987352
"1851.583",-0.00114363306144896
"1851.667",-0.00136774286701938
"1851.75",-0.00154084749123728
"1851.833",-0.0310395923307517
"1851.917",-0.0605200521945412
"1852",-0.0912258843517041
"1852.083",-0.12229200725679
"1852.167",-0.15159545347372
"1852.25",-0.149957585632513
"1852.333",-0.148318428307235
"1852.417",-0.14969084811679
"1852.5",-0.148115686081502
"1852.583",-0.149997652631962
"1852.667",-0.151454144630066
"1852.75",-0.153789719998836
"1852.833",-0.121690590903983
"1852.917",-0.090855643134412
"1853",-0.0608279774321868
"1853.083",-0.0306633063744064
"1853.167",0.000265181944429621
"1853.25",0.000534409535515173
"1853.333",0.0010628279968784
"1853.417",0.00088169617493497
"1853.5",0.000438237774891104
"1853.583",-0.00115753792768733
"1853.667",-0.0013816983153454
"1853.75",-0.00155488792644962
"1853.833",-0.000838208030548404
"1853.917",0.000127195318822104
"1854",-0.0000268330043367293
"1854.083",-0.000129271399251923
"1854.167",0.000253559370418877
"1854.25",0.00052286258771142
"1854.333",0.0010513522905031
"1854.417",0.00087014983321837
"1854.5",0.000426483448010662
"1854.583",-0.00116970109401843
"1854.667",-0.00139386029943242
"1854.75",-0.00156719146555637
"1854.833",-0.000850350739567712
"1854.917",0.000115275934209208
"1855",-0.00004193226630822
"1855.083",-0.00014436366503226
"1855.167",0.000238644201805666
"1855.25",0.000507980866129493
"1855.333",0.00103652738397908
"1855.417",0.000855292871418722
"1855.5",0.000411396883938986
"1855.583",-0.00118540392899533
"1855.667",-0.00140960051726582
"1855.75",-0.00158300565595165
"1855.833",-0.000866002049654785
"1855.917",0.0000999759301893444
"1856",-0.0000603941296886401
"1856.083",-0.000162806028868284
"1856.167",0.000220385699368608
"1856.25",0.00048982510668738
"1856.333",0.00101842209438624
"1856.417",0.000837198708388609
"1856.5",0.000392923026019121
"1856.583",-0.00120451053441167
"1856.667",-0.00142872734055208
"1856.75",-0.00160229139379076
"1856.833",-0.000885046894042812
"1856.917",0.0000812650323354924
"1857",-0.0000822190583965599
"1857.083",-0.000184621320042322
"1857.167",0.000198769279603633
"1857.25",0.000468388230885797
"1857.333",0.00099704638849088
"1857.417",0.000815682996362838
"1857.5",0.000371172511343998
"1857.583",-0.00122712568103531
"1857.667",-0.00145139854649531
"1857.75",-0.00162512721599548
"1857.833",-0.000907624014310049
"1857.917",0.0000591611389247626
"1858",-0.000107354592222414
"1858.083",-0.000209795673375646
"1858.167",0.000173896428435821
"1858.25",0.000443615503817718
"1858.333",0.000972340937095945
"1858.417",0.000790957117586366
"1858.5",0.000346033326030143
"1858.583",-0.00125320353072
"1858.667",-0.00147756021578732
"1858.75",-0.0016514939672192
"1858.833",-0.000933626514642266
"1858.917",0.0000335577582011026
"1859",-0.000135880869355315
"1859.083",-0.000238311452480627
"1859.167",0.000145634375367715
"1859.25",0.000415577149283947
"1859.333",0.000944446793889803
"1859.417",0.000762930450807137
"1859.5",0.00031752566549989
"1859.583",-0.00128277868281085
"1859.667",-0.00150716703406087
"1859.75",-0.00168133557317698
"1859.833",-0.000963156053063602
"1859.917",0.00000465602130589327
"1860",-0.000167788042749861
"1860.083",-0.00027019691897634
"1860.167",0.000114101494456509
"1860.25",0.000384222682470015
"1860.333",0.000913184684281115
"1860.417",0.00073157976268462
"1860.5",0.000285616329646299
"1860.583",-0.00131582801620572
"1860.667",-0.00154028731706446
"1860.75",-0.00171464733482296
"1860.833",-0.00099615639067302
"1860.917",-0.0000276987586688426
"1861",-0.000202990010618714
"1861.083",-0.000305414398186543
"1861.167",-0.00120302910029638
"1861.25",-0.0615365059049454
"1861.333",-0.216285529846535
"1861.417",-0.370832534706664
"1861.5",-0.462812921934771
"1861.583",-0.517028070687731
"1861.667",-0.546075647174942
"1861.75",-0.558271701455604
"1861.833",-0.556740633038277
"1861.917",-0.540730627679063
"1862",-0.517175930270896
"1862.083",-0.50217198353916
"1862.167",-0.494678938615118
"1862.25",-0.488580766919262
"1862.333",-0.481616700159356
"1862.417",-0.470844680383758
"1862.5",-0.449622106850171
"1862.583",-0.417135156479063
"1862.667",-0.37619903527781
"1862.75",-0.339002217262499
"1862.833",-0.307167221124879
"1862.917",-0.273948230080519
"1863",-0.23931051551561
"1863.083",-0.216027895086295
"1863.167",-0.201632112208204
"1863.25",-0.188761723290219
"1863.333",-0.176618047883682
"1863.417",-0.165620217217927
"1863.5",-0.153240359797456
"1863.583",-0.140319922238319
"1863.667",-0.125572910662676
"1863.75",-0.112998614440284
"1863.833",-0.101771886658702
"1863.917",-0.0852189736664664
"1864",-0.0646959414556662
"1864.083",-0.0528525170412788
"1864.167",-0.048416019840719
"1864.25",-0.0445433139111406
"1864.333",-0.0407761415213566
"1864.417",-0.0380061775398777
"1864.5",-0.0352754906990947
"1864.583",-0.03349769939476
"1864.667",-0.0303359228361842
"1864.75",-0.0276332246507892
"1864.833",-0.0244963446556055
"1864.917",-0.0166040411419358
"1865",-0.00567654474931034
"1865.083",-0.00048458538604837
"1865.167",-0.0000997363387032768
"1865.25",0.000168531539577577
"1865.333",0.000693149527758813
"1865.417",0.000504923859844991
"1865.5",0.0000505298144845567
"1865.583",-0.00156217318371935
"1865.667",-0.00178941294302579
"1865.75",-0.00196746409135587
"1865.833",-0.00124844143668124
"1865.917",-0.000268213756943581
"1866",-0.000438924239666794
"1866.083",-0.000531874744390065
"1866.167",-0.000144936192907286
"1866.25",0.00012685535631185
"1866.333",0.000656666965096281
"1866.417",0.000474239313872415
"1866.5",0.0000241328486944026
"1866.583",-0.00158718608591291
"1866.667",-0.00181211496214018
"1866.75",-0.0019885668036291
"1866.833",-0.0012669046768522
"1866.917",-0.00029329673328668
"1867",-0.000484859262612186
"1867.083",-0.000587240116661392
"1867.167",-0.000199751290429151
"1867.25",0.0000723815831256414
"1867.333",0.00060236781983336
"1867.417",0.000419800596467401
"1867.5",-0.0000312179026599191
"1867.583",-0.00164459463032687
"1867.667",-0.00186966576493436
"1867.75",-0.00204650505324244
"1867.833",-0.00132415331901578
"1867.917",-0.000349478168226836
"1868",-0.000543613746993105
"1868.083",-0.000645957435180006
"1868.167",-0.000257839101398594
"1868.25",0.0000146747989411555
"1868.333",0.000544840729263446
"1868.417",0.00036208246124339
"1868.5",-0.0000898862253930488
"1868.583",-0.0017054531873846
"1868.667",-0.00193064333954915
"1868.75",-0.00210791288986953
"1868.833",-0.00138493072025653
"1868.917",-0.000409070938471895
"1869",-0.000605714288848647
"1869.083",-0.00070800246394262
"1869.167",-0.000319304755746264
"1869.25",-0.0000464443905539014
"1869.333",0.000484010478720126
"1869.417",0.000301030756933024
"1869.5",-0.000151897560199954
"1869.583",-0.0017698404885545
"1869.667",-0.00199511856076778
"1869.75",-0.00217289893031275
"1869.833",-0.00144913926313156
"1869.917",-0.000472030971759019
"1870",-0.000671118409700799
"1870.083",-0.000773466198329159
"1870.167",-0.000384051376802225
"1870.25",-0.000110780234176905
"1870.333",0.000419847152939162
"1870.417",0.000236698744379316
"1870.5",-0.000217269610811338
"1870.583",-0.00183768372855353
"1870.667",-0.00206310591482128
"1870.75",-0.00224137592795359
"1870.833",-0.00151683584500673
"1870.917",-0.000538432973940822
"1871",-0.000739867989423049
"1871.083",-0.000842215598469948
"1871.167",-0.000452092552890693
"1871.25",-0.000178394949392258
"1871.333",0.000352440969114437
"1871.417",0.000169096352935966
"1871.5",-0.000286024405876023
"1871.583",-0.00190893883511914
"1871.667",-0.002134517242219
"1871.75",-0.00231337724003255
"1871.833",-0.0015879550084705
"1871.917",-0.000608230620504802
"1872",-0.000812048187000425
"1872.083",-0.000914348880412807
"1872.167",-0.000523541442726261
"1872.25",-0.000249353305216138
"1872.333",0.000281732059304596
"1872.417",0.0000981548777614083
"1872.5",-0.000358109073643781
"1872.583",-0.00198378003211624
"1872.667",-0.00220946663699531
"1872.75",-0.00238884230273059
"1872.833",-0.0469935900897979
"1872.917",-0.0916882511142901
"1873",-0.137744228132545
"1873.083",-0.184303422157007
"1873.167",-0.22845368828545
"1873.25",-0.226125869964155
"1873.333",-0.223930596765705
"1873.417",-0.225890134718754
"1873.5",-0.223322211518152
"1873.583",-0.225382585581218
"1873.667",-0.227451916445004
"1873.75",-0.230869601687492
"1873.833",-0.183067795168448
"1873.917",-0.137270552113072
"1874",-0.092205713353304
"1874.083",-0.0468979597894707
"1874.167",-0.000676333759650594
"1874.25",-0.000401143326101944
"1874.333",0.000130494864720276
"1874.417",-0.0000535994662910211
"1874.5",-0.000512332901060869
"1874.583",-0.00214377946596397
"1874.667",-0.00236981751159623
"1874.75",-0.0025503402683372
"1874.833",-0.00182226856797624
"1874.917",-0.000838052079088325
"1875",-0.00104859415252392
"1875.083",-0.00115090968384757
"1875.167",-0.000757648565957475
"1875.25",-0.000481986858499817
"1875.333",0.0000499047066791491
"1875.417",-0.000134431445620309
"1875.5",-0.000594479258930247
"1875.583",-0.00222900369897036
"1875.667",-0.00245521833295589
"1875.75",-0.0026363896927323
"1875.833",-0.00190734201248705
"1875.917",-0.000921488377465529
"1876",-0.00113414880777996
"1876.083",-0.00123644602928577
"1876.167",-0.000842299545280784
"1876.25",-0.000566126592092764
"1876.333",-0.0000339739604881539
"1876.417",-0.000218563240219932
"1876.5",-0.000679997017696027
"1876.583",-0.00231772905048716
"1876.667",-0.00254406609911087
"1876.75",-0.0027259201374889
"1876.833",-0.0019958294037152
"1876.917",-0.00100831438655694
"1877",-0.00122310052910404
"1877.083",-0.00132534442990617
"1877.167",-0.000930321820744623
"1877.25",-0.000653572613368042
"1877.333",-0.00012109075672298
"1877.417",-0.000305976450481277
"1877.5",-0.000768850335908483
"1877.583",-0.00240993817594645
"1877.667",-0.0026364211793336
"1877.75",-0.00281897176897461
"1877.833",-0.00208779878803733
"1877.917",-0.00109852782418252
"1878",-0.00131539618285645
"1878.083",-0.00141761353554515
"1878.167",-0.00102162102233586
"1878.25",-0.000744328094930025
"1878.333",-0.000211552001682574
"1878.417",-0.000396716615248371
"1878.5",-0.000861063127820888
"1878.583",-0.00250557351951722
"1878.667",-0.00273228429194985
"1878.75",-0.00291552858948199
"1878.833",-0.00218327740196203
"1878.917",-0.00119214593763695
"1879",-0.00141102838375312
"1879.083",-0.00151319223615681
"1879.167",-0.00111628206211517
"1879.25",-0.000838385112750473
"1879.333",-0.000305233866525589
"1879.417",-0.000490700625756818
"1879.5",-0.00095660098863462
"1879.583",-0.00260474892082682
"1879.667",-0.00283163171725273
"1879.75",-0.00301563934038954
"1879.833",-0.0173945088553767
"1879.917",-0.0316285297084123
"1880",-0.047135185709945
"1880.083",-0.0627256323463578
"1880.167",-0.0771778734691151
"1880.25",-0.0762151728493866
"1880.333",-0.0751275112772839
"1880.417",-0.0759026307092449
"1880.5",-0.0753620492237192
"1880.583",-0.0771582771003905
"1880.667",-0.07799882823391
"1880.75",-0.0792612710318891
"1880.833",-0.0779476446085301
"1880.917",-0.0772394978060563
"1881",-0.0776560671574089
"1881.083",-0.07810813627493
"1881.167",-0.0772810444662545
"1881.25",-0.0763176812511083
"1881.333",-0.0752297603036379
"1881.417",-0.0760048326852784
"1881.5",-0.0754660465944914
"1881.583",-0.0772661133223813
"1881.667",-0.0781065854101651
"1881.75",-0.0793697904113652
"1881.833",-0.0629422674961671
"1881.917",-0.047004385070519
"1882",-0.0321362190241776
"1882.083",-0.017099292995783
"1882.167",-0.00142017943166112
"1882.25",-0.00114033019329532
"1882.333",-0.000606165666637709
"1882.417",-0.000792607964282405
"1882.5",-0.00126342057367712
"1882.583",-0.00292301734238123
"1882.667",-0.00315053653030908
"1882.75",-0.00333689414036975
"1882.833",-0.00259979576716887
"1882.917",-0.001600697609077
"1883",-0.00182713808160814
"1883.083",-0.00192924731882588
"1883.167",-0.00152807123408785
"1883.25",-0.00124755831533352
"1883.333",-0.000713069726600013
"1883.417",-0.000899865829486063
"1883.5",-0.00137237274426991
"1883.583",-0.0289132239376755
"1883.667",-1.29067393783424
"1883.75",-2.08117318748573
"1883.833",-2.20716125042312
"1883.917",-2.1973694707109
"1884",-2.15667269062936
"1884.083",-2.11272403293963
"1884.167",-2.04248781115241
"1884.25",-1.98539904956976
"1884.333",-1.93661787892544
"1884.417",-1.89066487671167
"1884.5",-1.83220996022528
"1884.583",-1.75778194812902
"1884.667",-1.66256882623343
"1884.75",-1.55633614657034
"1884.833",-1.44143491273364
"1884.917",-1.32971885917389
"1885",-1.21356647686091
"1885.083",-1.09923853154605
"1885.167",-0.990053445823889
"1885.25",-0.889582649820789
"1885.333",-0.799978308525149
"1885.417",-0.726810260674643
"1885.5",-0.653108641836377
"1885.583",-0.580218326161841
"1885.667",-0.510618683808452
"1885.75",-0.448298927326133
"1885.833",-0.392152589171555
"1885.917",-0.344767443680156
"1886",-0.298872819421
"1886.083",-0.261237984710436
"1886.167",-0.228981265146176
"1886.25",-0.201051678023672
"1886.333",-0.178124794203474
"1886.417",-0.166157626578024
"1886.5",-0.185733485463277
"1886.583",-0.227077795342149
"1886.667",-0.264394736656932
"1886.75",-0.289540705447739
"1886.833",-0.300456081923215
"1886.917",-0.296250307552544
"1887",-0.252544563200299
"1887.083",-0.242261719816114
"1887.167",-0.237427904537382
"1887.25",-0.232807139455376
"1887.333",-0.226937070123002
"1887.417",-0.218652976479907
"1887.5",-0.20378090344618
"1887.583",-0.181669719510477
"1887.667",-0.153877503700442
"1887.75",-0.129697347270554
"1887.833",-0.110399488556544
"1887.917",-0.0911596236276875
"1888",-0.0719788503696935
"1888.083",-0.0611600862801958
"1888.167",-0.0567094015972069
"1888.25",-0.0534334407796078
"1888.333",-0.050537200950918
"1888.417",-0.048466108917611
"1888.5",-0.0458875242700062
"1888.583",-0.0432140986121529
"1888.667",-0.038488469350002
"1888.75",-0.0345341978287248
"1888.833",-0.0244462434120752
"1888.917",-0.0091009864118457
"1889",-0.00255190570912378
"1889.083",-0.00265397237807277
"1889.167",-0.00224541721976104
"1889.25",-0.00196034362244643
"1889.333",-0.00142346244859018
"1889.417",-0.00161245500380594
"1889.5",-0.00209664465236162
"1889.583",-0.00378753081207844
"1889.667",-0.00401668797670371
"1889.75",-0.00420946409452194
"1889.833",-0.00346239443547725
"1889.917",-0.00244685136726661
"1890",-0.00268444659684103
"1890.083",-0.00278647984868893
"1890.167",-0.00237658651730477
"1890.25",-0.0020907229639639
"1890.333",-0.00155331388072205
"1890.417",-0.00174276167472656
"1890.5",-0.00222908826683346
"1890.583",-0.223319642980694
"1890.667",-0.414350036936851
"1890.75",-0.457369927658804
"1890.833",-0.490416719258872
"1890.917",-0.528192311154068
"1891",-0.491806497314461
"1891.083",-0.45493223153716
"1891.167",-0.409132199134058
"1891.25",-0.377915670481195
"1891.333",-0.34286053924014
"1891.417",-0.322837169050106
"1891.5",-0.290422687007411
"1891.583",-0.278250072166855
"1891.667",-0.266094414671874
"1891.75",-0.250857954145184
"1891.833",-0.234254839822731
"1891.917",-0.212135554237856
"1892",-0.196831214824264
"1892.083",-0.184809967397238
"1892.167",-0.163548139365173
"1892.25",-0.151676466089466
"1892.333",-0.138158428139598
"1892.417",-0.129182411868707
"1892.5",-0.115509226579229
"1892.583",-0.114040332945692
"1892.667",-0.106239155098144
"1892.75",-0.102816239548074
"1892.833",-0.0962708261215307
"1892.917",-0.0836578179159991
"1893",-0.00310223011284325
"1893.083",-0.00320419937386077
"1893.167",-0.002790060387063
"1893.25",-0.00250152493221634
"1893.333",-0.00196277189188521
"1893.417",-0.00215351738580943
"1893.5",-0.00264649473677123
"1893.583",-0.0043580069249633
"1893.667",-0.00458824039560171
"1893.75",-0.00478525934790944
"1893.833",-0.00403159911221854
"1893.917",-0.00300523954345189
"1894",-0.0032481901440716
"1894.083",-0.00335012527714512
"1894.167",-0.00293447223976454
"1894.25",-0.0026450723475159
"1894.333",-0.00210583829846861
"1894.417",-0.00229704290714622
"1894.5",-0.00279236891313664
"1894.583",-0.00450935243704767
"1894.667",-0.00473992226360376
"1894.75",-0.00493803158913239
"1894.833",-0.00418260894181546
"1894.917",-0.00315331059865284
"1895",-0.00339751210327877
"1895.083",-0.00349941949102961
"1895.167",-0.00308227825530194
"1895.25",-0.00279193734167682
"1895.333",-0.0022521487528224
"1895.417",-0.00244384608790096
"1895.5",-0.00294158683486645
"1895.583",-0.00466416505193684
"1895.667",-0.00489498847732631
"1895.75",-0.00509430762762136
"1895.833",-0.00433708349476394
"1895.917",-0.00330483447993912
"1896",-0.00355018623320985
"1896.083",-0.00365209649426271
"1896.167",-0.00323340079466009
"1896.25",-0.00294206842722208
"1896.333",-0.00240183167807825
"1896.417",-0.0025939396933165
"1896.5",-0.0030941681661214
"1896.583",-0.00482242598841182
"1896.667",-0.00505360838200719
"1896.75",-0.00525404309181118
"1896.833",-0.00449500764133295
"1896.917",-0.00345975282336353
"1897",-0.00370623941121093
"1897.083",-0.0038080521595765
"1897.167",-0.0033877888716933
"1897.25",-0.0030955263475522
"1897.333",-0.00255473344236878
"1897.417",-0.00274735202242471
"1897.5",-0.00325007440166139
"1897.583",-0.00498422237337029
"1897.667",-0.00521564359523094
"1897.75",-0.00541735379672448
"1897.833",-0.00465641295791452
"1897.917",-0.00361807896284316
"1898",-0.00386558391177963
"1898.083",-0.00396747763638081
"1898.167",-0.00354551979618412
"1898.25",-0.00325228694897203
"1898.333",-0.00271093404919714
"1898.417",-0.00290410761801371
"1898.5",-0.00340935128984202
"1898.583",-0.00514946329374061
"1898.667",-0.00538121008167117
"1898.75",-0.00558410857313105
"1898.833",-0.00482132231120388
"1898.917",-0.00377979951956553
"1899",-0.00402837053837676
"1899.083",-0.00413019901507783
"1899.167",-0.00370659474289392
"1899.25",-0.00341234809895272
"1899.333",-0.00287045150907886
"1899.417",-0.00306405611061109
"1899.5",-0.0035719174354045
"1899.583",-0.00531815819251005
"1899.667",-0.00555026285619317
"1899.75",-0.00575445282208514
"1899.833",-0.00498965331824472
"1899.917",-0.00394494240346954
"1900",-0.00419447499075964
"1900.083",-0.00429621979750455
"1900.167",-0.00387098636307573
"1900.25",-0.00357567310303314
"1900.333",-0.00303325682710417
"1900.417",-0.00322739691037
"1900.5",-0.00373790924536913
"1900.583",-0.00549037827369439
"1900.667",-0.00572273858643163
"1900.75",-0.00592821538757007
"1900.833",-0.00516145712979901
"1900.917",-0.00411348938704556
"1901",-0.00436390912129911
"1901.083",-0.00446568795871488
"1901.167",-0.00403869621310138
"1901.25",-0.00374229037996596
"1901.333",-0.00319933474633877
"1901.417",-0.00339396447319187
"1901.5",-0.00390723519309455
"1901.583",-0.00566603494381457
"1901.667",-0.00589883072642403
"1901.75",-0.00610556081102193
"1901.833",-0.0053367768304319
"1901.917",-0.00428543205989892
"1902",-0.00453670992375871
"1902.083",-0.00463846797463016
"1902.167",-0.00420973523246976
"1902.25",-0.00391224512439764
"1902.333",-0.00336868163025966
"1902.417",-0.00356388663108628
"1902.5",-0.00407992000095028
"1902.583",-0.00584522558087203
"1902.667",-0.00858254665154062
"1902.75",-0.247236261960156
"1902.833",-0.87247032324271
"1902.917",-1.2214828990962
"1903",-0.999852117719684
"1903.083",-0.838009693738188
"1903.167",-0.862146987505622
"1903.25",-0.860621951032176
"1903.333",-0.839215147389092
"1903.417",-0.806411885195384
"1903.5",-0.76666387949715
"1903.583",-0.733356605993843
"1903.667",-0.704691637296094
"1903.75",-0.679033671855388
"1903.833",-0.645901589083354
"1903.917",-0.642235229637589
"1904",-0.668254366029369
"1904.083",-0.635251215217857
"1904.167",-0.55918358681625
"1904.25",-0.492271394363673
"1904.333",-0.434870934703275
"1904.417",-0.390509478482
"1904.5",-0.351915402008735
"1904.583",-0.321811375222535
"1904.667",-0.294707752706337
"1904.75",-0.271697027130427
"1904.833",-0.249085343494181
"1904.917",-0.218654508054639
"1905",-0.182996896860147
"1905.083",-0.15646726595682
"1905.167",-0.139583831795522
"1905.25",-0.125061261383019
"1905.333",-0.112292359557539
"1905.417",-0.102420529621125
"1905.5",-0.0934557276235385
"1905.583",-0.0866677069110715
"1905.667",-0.0790585728634544
"1905.75",-0.0725956638201843
"1905.833",-0.06584156839417
"1905.917",-0.0529875987510623
"1906",-0.0361246238170713
"1906.083",-0.0266749297308934
"1906.167",-0.0237823865997978
"1906.25",-0.0213320606621343
"1906.333",-0.0189084691236668
"1906.417",-0.0175157214505809
"1906.5",-0.0165446356975139
"1906.583",-0.0170113598824724
"1906.667",-0.0160602362754632
"1906.75",-0.0152545322495305
"1906.833",-0.0135461937132093
"1906.917",-0.011021933269952
"1907",-0.00943098749827712
"1907.083",-0.0086061772111258
"1907.167",-0.00800267897142459
"1907.25",-0.0566725740961334
"1907.333",-0.357841189770366
"1907.417",-0.160977871632432
"1907.5",-0.338242139656399
"1907.583",-0.213291284424585
"1907.667",-0.182187032352751
"1907.75",-0.0839537548397136
"1907.833",-0.254677241499295
"1907.917",-0.161562748839793
"1908",-0.121993623117801
"1908.083",-0.25695200159012
"1908.167",-0.187558984535595
"1908.25",-0.105400862724209
"1908.333",-0.0044539343950552
"1908.417",-0.00465263730437523
"1908.5",-0.00518642444825326
"1908.583",-0.00699319158176595
"1908.667",-0.00722849873509601
"1908.75",-0.0074450978040137
"1908.833",-0.00666101820418247
"1908.917",-0.00558439397283317
"1909",-0.00584039327051511
"1909.083",-0.00594193540471191
"1909.167",-0.0054998707357288
"1909.25",-0.00519425048490724
"1909.333",-0.00464634040313963
"1909.417",-0.00484559128258141
"1909.5",-0.00538254752893552
"1909.583",-0.00719668993488282
"1909.667",-0.00743236840263839
"1909.75",-0.00765050292225286
"1909.833",-0.00686406185725477
"1909.917",-0.00578359838559392
"1910",-0.00604001823292871
"1910.083",-0.00614149809728326
"1910.167",-0.00569751373331875
"1910.25",-0.00539063761007297
"1910.333",-0.0048420181294915
"1910.417",-0.00504188620767562
"1910.5",-0.00558204208533974
"1910.583",-0.00740369248932374
"1910.667",-0.0076397713487226
"1910.75",-0.00785942217865221
"1910.833",-0.00707060130125667
"1910.917",-0.00598611620943157
"1911",-0.00624308517171943
"1911.083",-0.00634452534858987
"1911.167",-0.00589835022652177
"1911.25",-0.00559026134534713
"1911.333",-0.0050409757749936
"1911.417",-0.00524151800914657
"1911.5",-0.0057849160639418
"1911.583",-0.00761419289988008
"1911.667",-0.00785063241854281
"1911.75",-0.00807185789280448
"1911.833",-0.00728055306077852
"1911.917",-0.0061921345531751
"1912",-0.00644939989955928
"1912.083",-0.00655081373782787
"1912.167",-0.00610263572970587
"1912.25",-0.00579320905706918
"1912.333",-0.0365526644376427
"1912.417",-0.230826041141881
"1912.5",-0.584432721067105
"1912.583",-0.861717204661364
"1912.667",-0.988152492598442
"1912.75",-1.04950646540797
"1912.833",-1.06521697117344
"1912.917",-0.987041156229875
"1913",-0.827410726433383
"1913.083",-0.689101192365704
"1913.167",-0.592772771907861
"1913.25",-0.502015770848001
"1913.333",-0.421756511650506
"1913.417",-0.361477231539945
"1913.5",-0.312627237919497
"1913.583",-0.280800031303651
"1913.667",-0.256071233072714
"1913.75",-0.235477017947061
"1913.833",-0.213155067730574
"1913.917",-0.227028128670584
"1914",-0.27552755312105
"1914.083",-0.273396084497168
"1914.167",-0.231326821198883
"1914.25",-0.196542867443496
"1914.333",-0.168023228206903
"1914.417",-0.147621341308151
"1914.5",-0.131608424291329
"1914.583",-0.121471073263574
"1914.667",-0.112725501755776
"1914.75",-0.106070871650238
"1914.833",-0.0990802944141465
"1914.917",-0.0798903243299587
"1915",-0.0510774423093172
"1915.083",-0.0355110643062917
"1915.167",-0.0324071715841722
"1915.25",-0.0298607169928975
"1915.333",-0.0274749666325116
"1915.417",-0.0262733173232716
"1915.5",-0.0255053651636162
"1915.583",-0.0261396411520242
"1915.667",-0.0252032142304363
"1915.75",-0.0244136230387276
"1915.833",-0.0226669297215889
"1915.917",-0.01747098460206
"1916",-0.0107206665505732
"1916.083",-0.00743133962582945
"1916.167",-0.00697775632303954
"1916.25",-0.00666992110055883
"1916.333",-0.00612745662947806
"1916.417",-0.0063421680137947
"1916.5",-0.00691067057225042
"1916.583",-0.00878468807281385
"1916.667",-0.00902672331722884
"1916.75",-0.00925894384082981
"1916.833",-0.00845732538099644
"1916.917",-0.00733051140242866
"1917",-0.00755096193815666
"1917.083",-0.00763285496656474
"1917.167",-0.0071736406502822
"1917.25",-0.00685745796165654
"1917.333",-0.00630383189447514
"1917.417",-0.00650841289881379
"1917.5",-0.00707245149824545
"1917.583",-0.00894999759326978
"1917.667",-0.00918904665380554
"1917.75",-0.00942020859008916
"1917.833",-0.00861348609831164
"1917.917",-0.0074995889142852
"1918",-0.00775808023279453
"1918.083",-0.00785929620231676
"1918.167",-0.00739777344226875
"1918.25",-0.00708014391139042
"1918.333",-0.00652582331323656
"1918.417",-0.00673112159552197
"1918.5",-0.00729875318430309
"1918.583",-0.00918485208181091
"1918.667",-0.00942430731052427
"1918.75",-0.00965722640567865
"1918.833",-0.00884782330269857
"1918.917",-0.00772939563971337
"1919",-0.0079879547202619
"1919.083",-0.00808913981675258
"1919.167",-0.00762530340507919
"1919.25",-0.00730626228975828
"1919.333",-0.00675108893447443
"1919.417",-0.00695708758412703
"1919.5",-0.00752846956533387
"1919.583",-0.00942313765212574
"1919.667",-0.0096630870588561
"1919.75",-0.00989776434547424
"1919.833",-0.00908561673025185
"1919.917",-0.00796262653303223
"1920",-0.00822116080142063
"1920.083",-0.00832227367626781
"1920.167",-0.0078560946554721
"1920.25",-0.00753555726812469
"1920.333",-0.0069796862840896
"1920.417",-0.00718634721489256
"1920.5",-0.00776147825662993
"1920.583",-0.00966489110343122
"1920.667",-0.00990528715897449
"1920.75",-0.0101417782324573
"1920.833",-0.00932679698773481
"1920.917",-0.00819928847819451
"1921",-0.00845770598875822
"1921.083",-0.00855880187820024
"1921.167",-0.00809023203068268
"1921.25",-0.00776821077738882
"1921.333",-0.00721151749023213
"1921.417",-0.00741893851417497
"1921.5",-0.00799786681907719
"1921.583",-0.00991015439790902
"1921.667",-0.010150961335641
"1921.75",-0.0103893218063548
"1921.833",-0.00957152221151417
"1921.917",-0.00843932252761359
"1922",-0.0542968878651629
"1922.083",-0.00879873608037413
"1922.167",-0.0318764861249286
"1922.25",-0.118554446578872
"1922.333",-0.138783850998119
"1922.417",-0.149928207556018
"1922.5",-0.210867659064959
"1922.583",-0.130477330918497
"1922.667",-0.18110328375408
"1922.75",-0.17246728235639
"1922.833",-0.149465061200747
"1922.917",-0.129418549309047
"1923",-0.149920848595558
"1923.083",-0.130714563483482
"1923.167",-0.0987301976629043
"1923.25",-0.108241938087292
"1923.333",-0.118146897615011
"1923.417",-0.0975571221899317
"1923.5",-0.0870800734296862
"1923.583",-0.0104111208753445
"1923.667",-0.0106529349203994
"1923.75",-0.0108950061708804
"1923.833",-0.010071368595011
"1923.917",-0.0089296002167818
"1924",-0.00918755963021989
"1924.083",-0.00928857149054302
"1924.167",-0.00881248025121106
"1924.25",-0.00848594352896842
"1924.333",-0.00792677815451717
"1924.417",-0.00813653322753666
"1924.5",-0.00872715705390129
"1924.583",-0.0106667457159269
"1924.667",-0.0109090517241619
"1924.75",-0.0111530281833931
"1924.833",-0.0103264348028273
"1924.917",-0.00917988146386411
"1925",-0.00943755092820522
"1925.083",-0.00953851045552229
"1925.167",-0.00905989412245958
"1925.25",-0.008731781079792
"1925.333",-0.00817187366012914
"1925.417",-0.00838234602606056
"1925.5",-0.00897695789087202
"1925.583",-0.0109259541926621
"1925.667",-0.0111687327393583
"1925.75",-0.0114146545437775
"1925.833",-0.0105850823421688
"1925.917",-0.00943353785312148
"1926",-0.00969089804840254
"1926.083",-0.00979182851346685
"1926.167",-0.00931058168737064
"1926.25",-0.00898092918335561
"1926.333",-0.00842010116969791
"1926.417",-0.00863141185142366
"1926.5",-0.00923007243822202
"1926.583",-0.0111885825572652
"1926.667",-0.011431916429437
"1926.75",-0.0116797032463086
"1926.833",-0.0108471492904945
"1926.917",-0.00969055585609013
"1927",-0.00994758165588364
"1927.083",-0.0100484680935806
"1927.167",-0.0095647029080552
"1927.25",-0.00923338710636862
"1927.333",-0.00867173644539165
"1927.417",-0.00888377800835344
"1927.5",-0.00948657959203589
"1927.583",-0.0114547419406778
"1927.667",-0.0116985511348222
"1927.75",-0.0119483611304432
"1927.833",-0.0111127155016565
"1927.917",-0.00995102481450488
"1928",-0.010207653874143
"1928.083",-0.0103084766053467
"1928.167",-0.0098220212758407
"1928.25",-0.00948912349691583
"1928.333",-0.00892656946679099
"1928.417",-0.00913949184647281
"1928.5",-0.00974643933559696
"1928.583",-0.0117243164530519
"1928.667",-0.0119686545742097
"1928.75",-0.132905015550516
"1928.833",-0.191283400949229
"1928.917",-0.0886782698143903
"1929",-0.0779239269819077
"1929.083",-0.274071720964783
"1929.167",-0.186310943385802
"1929.25",-0.099784358912916
"1929.333",-0.236053824258562
"1929.417",-0.131680484416309
"1929.5",-0.469212576506123
"1929.583",-0.311690284959162
"1929.667",-0.166026012644475
"1929.75",-0.226544748971447
"1929.833",-0.0893117964995061
"1929.917",-0.0982478929229209
"1930",-0.0107378271373715
"1930.083",-0.0108386213301014
"1930.167",-0.0103467850691343
"1930.25",-0.0100105114147438
"1930.333",-0.00944620848649144
"1930.417",-0.00966072608753807
"1930.5",-0.0102762449658181
"1930.583",-0.0122739225163014
"1930.667",-0.0125193609175861
"1930.75",-0.0127752801818348
"1930.833",-0.0119301159020629
"1930.917",-0.0107529014375316
"1931",-0.011008012795099
"1931.083",-0.0111086536253337
"1931.167",-0.0106140807537048
"1931.25",-0.0102761181514363
"1931.333",-0.00971092699873216
"1931.417",-0.00992632002905752
"1931.5",-0.0105461880988971
"1931.583",-0.0125539939641726
"1931.667",-0.0127998945031639
"1931.75",-0.0130579079107358
"1931.833",-0.0122095632298262
"1931.917",-0.0110269808235533
"1932",-0.0112814409142948
"1932.083",-0.0113821234074088
"1932.167",-0.0108847240895348
"1932.25",-0.131622420714139
"1932.333",-0.262121074840909
"1932.417",-0.233677369883219
"1932.5",-0.233431953585409
"1932.583",-0.273435967156335
"1932.667",-0.173764358919281
"1932.75",-0.313361708358699
"1932.833",-0.222079349270772
"1932.917",-0.0897785483549617
"1933",-0.111021605075004
"1933.083",-0.122837876366287
"1933.167",-0.0347172581002417
"1933.25",-0.152672463640412
"1933.333",-0.0102502647784719
"1933.417",-0.0104673874168919
"1933.5",-0.0110960032846592
"1933.583",-0.0131245564856296
"1933.667",-0.0133715346176339
"1933.75",-0.0136337308645505
"1933.833",-0.012778833857828
"1933.917",-0.0115853843838765
"1934",-0.0118384769175428
"1934.083",-0.0119390501353895
"1934.167",-0.0114360520987403
"1934.25",-0.0110929039944432
"1934.333",-0.0105248539511252
"1934.417",-0.0107428458083015
"1934.5",-0.0113759758131224
"1934.583",-0.0134150535751916
"1934.667",-0.0136625700771966
"1934.75",-0.0139269936569571
"1934.833",-0.0130686542099388
"1934.917",-0.0118696718038563
"1935",-0.0121220210651716
"1935.083",-0.0122225631406146
"1935.167",-0.0117165993325026
"1935.25",-0.0113717055026823
"1935.333",-0.010802799260258
"1935.417",-0.0110216073596844
"1935.5",-0.0116593401249681
"1935.583",-0.0137089789181206
"1935.667",-0.0139570634958789
"1935.75",-0.0142236124661221
"1935.833",-0.0133619425178659
"1935.917",-0.0121574309807916
"1936",-0.0124089145102225
"1936.083",-0.0125094152819489
"1936.167",-0.0120005578042965
"1936.25",-0.0116538471646583
"1936.333",-0.011083946834561
"1936.417",-0.0113037013577701
"1936.5",-0.0119459955199396
"1936.583",-0.0140064255824648
"1936.667",-0.0142550912705914
"1936.75",-0.0145238928347922
"1936.833",-0.0136587158867354
"1936.917",-0.012448490160061
"1937",-0.0126991822594019
"1937.083",-0.0127996397819468
"1937.167",-0.0122878236711914
"1937.25",-0.0119392898615616
"1937.333",-0.0113683989905232
"1937.417",-0.011589069498472
"1937.5",-0.0122360199363542
"1937.583",-0.0143072942148279
"1937.667",-0.01455658893162
"1937.75",-0.0148276170654438
"1937.833",-0.0139590007898352
"1937.917",-0.0127429675810358
"1938",-0.0129928283083955
"1938.083",-0.0130931465206879
"1938.167",-0.0125783856195603
"1938.25",-0.0122280226838232
"1938.333",-0.0116561838775255
"1938.417",-0.0118777264625673
"1938.5",-0.012529451086301
"1938.583",-0.0146117020968136
"1938.667",-0.014861576876416
"1938.75",-0.0151348541622209
"1938.833",-0.014262696990827
"1938.917",-0.0130409346871733
"1939",-0.0132897208744034
"1939.083",-0.0133900989321895
"1939.167",-0.0128722846538177
"1939.25",-0.0125200527099427
"1939.333",-0.0119472375645979
"1939.417",-0.0121697367347353
"1939.5",-0.0128261490309925
"1939.583",-0.0149195925555327
"1939.667",-0.0151700412622483
"1939.75",-0.0154456004287401
"1939.833",-0.0145698951034804
"1939.917",-0.0133422652626965
"1940",-0.0135900996536676
"1940.083",-0.0136903862446727
"1940.167",-0.0131694933878036
"1940.25",-0.0128153890237444
"1940.333",-0.0122415808233194
"1940.417",-0.012465013143183
"1940.5",-0.013126253439844
"1940.583",-0.0152309281183379
"1940.667",-0.0154819526677014
"1940.75",-0.0157598719076044
"1940.833",-0.0148805642248334
"1940.917",-0.0136469715939644
"1941",-0.0138937395110026
"1941.083",-0.0139940049563007
"1941.167",-0.0134700307972834
"1941.25",-0.0131140363242745
"1941.333",-0.0125391696712183
"1941.417",-0.0127635854684886
"1941.5",-0.0134297146586052
"1941.583",-0.0155458073005793
"1941.667",-0.0157973680051066
"1941.75",-0.0160776061344251
"1941.833",-0.0151946934752478
"1941.917",-0.0139550763231954
"1942",-0.01420082656754
"1942.083",-0.0143009852666749
"1942.167",-0.0137739451148217
"1942.25",-0.0134160120608568
"1942.333",-0.0128400977150867
"1942.417",-0.013065453950094
"1942.5",-0.0137365053011159
"1942.583",-0.0158640727889712
"1942.667",-0.0161162571796181
"1942.75",-0.0163989015497266
"1942.833",-0.0155123481026234
"1942.917",-0.0142666914193779
"1943",-0.0145111852226238
"1943.083",-0.0146113470943631
"1943.167",-0.0140811085981997
"1943.25",-0.0137212387590925
"1943.333",-0.0131443279013007
"1943.417",-0.0133706375637644
"1943.5",-0.0140466628250584
"1943.583",-0.0161858720647189
"1943.667",-0.0164387034421689
"1943.75",-0.0167236970808758
"1943.833",-0.0158334001252997
"1943.917",-0.0145816083286734
"1944",-0.014825001148432
"1944.083",-0.0149250569923337
"1944.167",-0.0143915802099691
"1944.25",-0.0140297965122753
"1944.333",-0.0134518382910021
"1944.417",-0.0136790819562035
"1944.5",-0.0143601763956895
"1944.583",-0.0165110784481267
"1944.667",-0.0167645888826205
"1944.75",-0.0170520262048343
"1944.833",-0.016157997712877
"1944.917",-0.0148999504384525
"1945",-0.0151419974005523
"1945.083",-0.0152421166965403
"1945.167",-0.0147054399685983
"1945.25",-0.0143416549711527
"1945.333",-0.0137625305035271
"1945.417",-0.0139908447281376
"1945.5",-0.014676996643096
"1945.583",-0.0168398728524658
"1945.667",-0.0170939644422232
"1945.75",-0.017383799534972
"1945.833",-0.0164859539510729
"1945.917",-0.0152216954806246
"1946",-0.0154625060698446
"1946.083",-0.0155624646255358
"1946.167",-0.0150226383545226
"1946.25",-0.0146567999188657
"1946.333",-0.0140766668474058
"1946.417",-0.0143059298902175
"1946.5",-0.0149972487354971
"1946.583",-0.017172085992359
"1946.667",-0.0174268304801398
"1946.75",-0.017719176255214
"1946.833",-0.0168174228009873
"1946.917",-0.015546905994404
"1947",-0.0157863463477933
"1947.083",-0.0158862953258112
"1947.167",-0.0153430593881033
"1947.25",-0.0149752091771144
"1947.333",-0.0143940139416748
"1947.417",-0.0146242649214974
"1947.5",-0.0153207962958026
"1947.583",-0.0175077984549489
"1947.667",-0.0177631404548637
"1947.75",-0.0180580445611883
"1947.833",-0.0171524377246167
"1947.917",-0.0158754155078548
"1948",-0.0161134533306961
"1948.083",-0.0162134021291325
"1948.167",-0.0156668135418171
"1948.25",-0.0152969702768546
"1948.333",-0.0147146698826607
"1948.417",-0.0149459791355332
"1948.5",-0.0156477205995505
"1948.583",-0.0178469298626045
"1948.667",-0.0181029581177833
"1948.75",-0.0184003476153895
"1948.833",-0.017490863661801
"1948.917",-0.0162074313776063
"1949",-0.0164440423964833
"1949.083",-0.0165438391643197
"1949.167",-0.015993987239201
"1949.25",-0.0156220335488706
"1949.333",-0.01503858266659
"1949.417",-0.0152709373374791
"1949.5",-0.0159779699273042
"1949.583",-0.0181896487973427
"1949.667",-0.0184462897392818
"1949.75",-0.0187462365205804
"1949.833",-0.0178327150987712
"1949.917",-0.0165427680063061
"1950",-0.0167778984515619
"1950.083",-0.0168776621015994
"1950.167",-0.0163244095187852
"1950.25",-0.015950350521156
"1950.333",-0.0153657989846207
"1950.417",-0.0155991651925065
"1950.5",-0.016311576528886
"1950.583",-0.0185357700060088
"1950.667",-0.0187930728849006
"1950.75",-0.0190955785810892
"1950.833",-0.0181781509500802
"1950.917",-0.0168815394430931
"1951",-0.0171151234831882
"1951.083",-0.0172149108678976
"1951.167",-0.0166581172695772
"1951.25",-0.0162820062105272
"1951.333",-0.0156963069245213
"1951.417",-0.015930733740015
"1951.5",-0.016648565455898
"1951.583",-0.01888538836743
"1951.667",-0.0191433893389915
"1951.75",-0.0194484769514513
"1951.833",-0.018526951872042
"1951.917",-0.0172237738223829
"1952",-0.0174557483494287
"1952.083",-0.0175554590229603
"1952.167",-0.0169951903903243
"1952.25",-0.0166169154654818
"1952.333",-0.016030110033024
"1952.417",-0.0162655970071721
"1952.5",-0.0169888729719165
"1952.583",-0.0192385021157227
"1952.667",-0.0194971642759812
"1952.75",-0.0198048511941754
"1952.833",-0.0188793374926798
"1952.917",-0.0175693242915052
"1953",-0.0177996688332248
"1953.083",-0.0178992865584291
"1953.167",-0.0173356203808415
"1953.25",-0.0169551236153521
"1953.333",-0.0163672343344634
"1953.417",-0.0166037241658417
"1953.5",-0.017332541128914
"1953.583",-0.0195950511659514
"1953.667",-0.0198544335223541
"1953.75",-0.0201647704780216
"1953.833",-0.019235111754026
"1953.917",-0.0179182969830534
"1954",-0.0181470116442026
"1954.083",-0.0182465055330829
"1954.167",-0.0176793236011026
"1954.25",-0.017296725254628
"1954.333",-0.0167076314765538
"1954.417",-0.0169452230845705
"1954.5",-0.0176796139841879
"1954.583",-0.0199550732451703
"1954.667",-0.0202151605333002
"1954.75",-0.0205282015355398
"1954.833",-0.0195943347709464
"1954.917",-0.0182707532988929
"1955",-0.0184976205914601
"1955.083",-0.0185971567268591
"1955.167",-0.0180263992249228
"1955.25",-0.0176415331397947
"1955.333",-0.0170512357025813
"1955.417",-0.0172900328403764
"1955.5",-0.0180299952072952
"1955.583",-0.0203186414130693
"1955.667",-0.0205794040768248
"1955.75",-0.0208951068641527
"1955.833",-0.0199570898392692
"1955.917",-0.0186265695074556
"1956",-0.0188516513121898
"1956.083",-0.0189510641949044
"1956.167",-0.0183767027491547
"1956.25",-0.017989684934942
"1956.333",-0.0173982438786296
"1956.417",-0.0176380634629902
"1956.5",-0.0183837256230687
"1956.583",-0.0206856438952067
"1956.667",-0.0209471320078616
"1956.75",-0.021265553357923
"1956.833",-0.0203232551728913
"1956.917",-0.0189857206618953
"1957",-0.0192090138660528
"1957.083",-0.0193084354883943
"1957.167",-0.0187304143388139
"1957.25",-0.0183411735166754
"1957.333",-0.0177484500697556
"1957.417",-0.0179894569264546
"1957.5",-0.0187408241324481
"1957.583",-0.0210562145994289
"1957.667",-0.0213183012867408
"1957.75",-0.0216394831018567
"1957.833",-0.0206929265784767
"1957.917",-0.0193483407149535
"1958",-0.0195697039879912
"1958.083",-0.0196691081011484
"1958.167",-0.0190873727747199
"1958.25",-0.0186958389079189
"1958.333",-0.0181020149414304
"1958.417",-0.0183441322246041
"1958.5",-0.0191012795564929
"1958.583",-0.0214301059728085
"1958.667",-0.0216929547585858
"1958.75",-0.0220170135870693
"1958.833",-0.0210661050437231
"1958.917",-0.0197143910566343
"1959",-0.0199338370740043
"1959.083",-0.0200331258659879
"1959.167",-0.0194477075949054
"1959.25",-0.0190539226905189
"1959.333",-0.0184588117989932
"1959.417",-0.0187020249026896
"1959.5",-0.0194650793095416
"1959.583",-0.0218075127264529
"1959.667",-0.0220711555013549
"1959.75",-0.0223979445503961
"1959.833",-0.0214427269968233
"1959.917",-0.020083808818491
"1960",-0.0203012259254726
"1960.083",-0.0204004811955993
"1960.167",-0.0198113359225654
"1960.25",-0.0194152451933085
"1960.333",-0.0188189371973639
"1960.417",-0.0190632844472417
"1960.5",-0.0198322172110018
"1960.583",-0.0221884737696603
"1960.667",-0.0224528197253709
"1960.75",-0.0227824250892747
"1960.833",-0.0218227621633503
"1960.917",-0.0204565835848037
"1961",-0.0206720228872636
"1961.083",-0.0207712028828634
"1961.167",-0.0201782940780332
"1961.25",-0.0197798923759064
"1961.333",-0.0191824236407716
"1961.417",-0.0194278068956087
"1961.5",-0.020202737931741
"1961.583",-0.0225729244232048
"1961.667",-0.0228379545839588
"1961.75",-0.0231704417799972
"1961.833",-0.0585390161359231
"1961.917",-0.0944158781877249
"1962",-0.131104220141262
"1962.083",-0.169488794856004
"1962.167",-0.206639257635433
"1962.25",-0.204590684702643
"1962.333",-0.203820108230547
"1962.417",-0.204781060445996
"1962.5",-0.204844560779784
"1962.583",-0.206304097669912
"1962.667",-0.205706635788799
"1962.75",-0.207379615290891
"1962.833",-0.167930187784288
"1962.917",-0.131590869014596
"1963",-0.0947990775631354
"1963.083",-0.0600693722437208
"1963.167",-0.240688052646132
"1963.25",-0.726414644414348
"1963.333",-1.07981760746585
"1963.417",-1.21504652875332
"1963.5",-1.2940622877406
"1963.583",-1.33027330700545
"1963.667",-1.32176589769556
"1963.75",-1.28355975138472
"1963.833",-1.2246801331445
"1963.917",-1.14331768449708
"1964",-1.04715309626343
"1964.083",-0.973746609958997
"1964.167",-0.919273635251493
"1964.25",-0.866294299428643
"1964.333",-0.811832009932743
"1964.417",-0.75379865468108
"1964.5",-0.685465075576005
"1964.583",-0.611179078108138
"1964.667",-0.534924019097748
"1964.75",-0.470780669649769
"1964.833",-0.416710194811117
"1964.917",-0.480827087313126
"1965",-0.650061351443048
"1965.083",-0.694973980440393
"1965.167",-0.627473443243661
"1965.25",-0.567902689256336
"1965.333",-0.514198075735001
"1965.417",-0.466603761518741
"1965.5",-0.419237316674093
"1965.583",-0.374641297005827
"1965.667",-0.330897759528484
"1965.75",-0.29470875387251
"1965.833",-0.263165807604751
"1965.917",-0.204781211892957
"1966",-0.123434985579506
"1966.083",-0.0816165366904439
"1966.167",-0.07455143789724
"1966.25",-0.0684915157175847
"1966.333",-0.0628877418164806
"1966.417",-0.0587463175885996
"1966.5",-0.0552572287257476
"1966.583",-0.05366648746733
"1966.667",-0.0502333050404707
"1966.75",-0.0474754220069828
"1966.833",-0.101406653696621
"1966.917",-0.152200231350448
"1967",-0.201337806915978
"1967.083",-0.256693719828111
"1967.167",-0.313743529372221
"1967.25",-0.310731677986695
"1967.333",-0.308627761725248
"1967.417",-0.310610072242963
"1967.5",-0.308475211356816
"1967.583",-0.310873026428043
"1967.667",-0.312237941442097
"1967.75",-0.315972314311145
"1967.833",-0.28827840493807
"1967.917",-0.264939490057268
"1968",-0.242544590144489
"1968.083",-0.220139643222386
"1968.167",-0.194255138838694
"1968.25",-0.192185181595069
"1968.333",-0.190532037574304
"1968.417",-0.191688884427961
"1968.5",-0.190596743946684
"1968.583",-0.192925181434635
"1968.667",-0.193747250172636
"1968.75",-0.195954378764869
"1968.833",-0.179828005511923
"1968.917",-0.164693849113139
"1969",-0.150730691448433
"1969.083",-0.136743444139319
"1969.167",-0.120657122786021
"1969.25",-0.119357208044235
"1969.333",-0.117431573034721
"1969.417",-0.118674647622114
"1969.5",-0.117298071626083
"1969.583",-0.120679888930652
"1969.667",-0.122948570985043
"1969.75",-0.125296035269452
"1969.833",-0.124061015265945
"1969.917",-0.122105217274636
"1970",-0.123145097989135
"1970.083",-0.123113440471266
"1970.167",-0.121059364850843
"1970.25",-0.119756951204277
"1970.333",-0.117830544339043
"1970.417",-0.119073721886425
"1970.5",-0.117703845188598
"1970.583",-0.12110031313093
"1970.667",-0.123369403328894
"1970.75",-0.125719016454121
"1970.833",-0.150217577113979
"1970.917",-0.174747269462471
"1971",-0.201580187929368
"1971.083",-0.228835318164528
"1971.167",-0.253846368933976
"1971.25",-0.251371882252645
"1971.333",-0.249508061502343
"1971.417",-0.25115493720524
"1971.5",-0.249562825920504
"1971.583",-0.252114863562079
"1971.667",-0.253388520378955
"1971.75",-0.256489513804651
"1971.833",-0.232387457689402
"1971.917",-0.210668881322583
"1972",-0.18982407340609
"1972.083",-0.169211922021815
"1972.167",-0.146188926668097
"1972.25",-0.144672215916484
"1972.333",-0.143097623423531
"1972.417",-0.144242254014629
"1972.5",-0.143353869914977
"1972.583",-0.146239178685158
"1972.667",-0.147640884116731
"1972.75",-0.14977191408317
"1972.833",-0.125228949354047
"1972.917",-0.101191322367463
"1973",-0.0787773350195797
"1973.083",-0.0560768039164803
"1973.167",-0.0323366277545425
"1973.25",-0.0318409578352515
"1973.333",-0.0311263903550786
"1973.417",-0.0314621947932633
"1973.5",-0.0321434831507054
"1973.583",-0.034758995820059
"1973.667",-0.0351869108084926
"1973.75",-0.0357086878193023
"1973.833",-0.0331521084150722
"1973.917",-0.0301435059709091
"1974",-0.0288438031950074
"1974.083",-0.0274171962316246
"1974.167",-0.0252510001911437
"1974.25",-0.0248205297746918
"1974.333",-0.0242057989294208
"1974.417",-0.0244673360228961
"1974.5",-0.0253243997986434
"1974.583",-0.0278866772151846
"1974.667",-0.040654003678007
"1974.75",-0.213026158696609
"1974.833",-0.58990011548368
"1974.917",-0.712509300669082
"1975",-0.45599268715182
"1975.083",-0.299216584806347
"1975.167",-0.309440306364963
"1975.25",-0.321327046346035
"1975.333",-0.335555421699347
"1975.417",-0.350978337079413
"1975.5",-0.363202030924232
"1975.583",-0.371029719487407
"1975.667",-0.370495934438645
"1975.75",-0.366184434376107
"1975.833",-0.356221402032464
"1975.917",-0.306214716297645
"1976",-0.22213458513494
"1976.083",-0.175874904681637
"1976.167",-0.164731213113574
"1976.25",-0.152918057140145
"1976.333",-0.141121203653839
"1976.417",-0.131502234471395
"1976.5",-0.122964019113768
"1976.583",-0.117470439308194
"1976.667",-0.110933829559316
"1976.75",-0.106017323611563
"1976.833",-0.10048065594849
"1976.917",-0.0924737460398425
"1977",-0.0835520514741248
"1977.083",-0.0770401870811209
"1977.167",-0.0733883854295476
"1977.25",-0.0713337766469832
"1977.333",-0.0696874990997195
"1977.417",-0.0687626393288402
"1977.5",-0.0674498470011131
"1977.583",-0.0664805136480104
"1977.667",-0.0622624212220712
"1977.75",-0.0583604958162826
"1977.833",-0.0535250719224078
"1977.917",-0.0510909776868741
"1978",-0.052943171889927
"1978.083",-0.0529756148967354
"1978.167",-0.0506927139182093
"1978.25",-0.0493272759931185
"1978.333",-0.0480712874395909
"1978.417",-0.0476112963291005
"1978.5",-0.0472810467020444
"1978.583",-0.0480425155998911
"1978.667",-0.0460353488647335
"1978.75",-0.0442486815413684
"1978.833",-0.0412721417805891
"1978.917",-0.0277497769446647
"1979",-0.0547779280828858
"1979.083",-0.0562865502947682
"1979.167",-0.0557910171865557
"1979.25",-0.0546741360783824
"1979.333",-0.0524449507927104
"1979.417",-0.0532401386679387
"1979.5",-0.0515750385531353
"1979.583",-0.0525726125591921
"1979.667",-0.060871579580817
"1979.75",-0.0703942864412452
"1979.833",-0.0770647507605019
"1979.917",-0.0784296994759936
"1980",-0.0822288365725555
"1980.083",-0.0818406637058962
"1980.167",-0.0805352401108486
"1980.25",-0.0795636921452495
"1980.333",-0.0771312464517842
"1980.417",-0.0906274362695343
"1980.5",-0.104998914843612
"1980.583",-0.112155467098809
"1980.667",-0.11679015742954
"1980.75",-0.121343563752169
"1980.833",-0.118989688711931
"1980.917",-0.121633733913836
"1981",-0.128051336132262
"1981.083",-0.131704343493195
"1981.167",-0.129597413317512
"1981.25",-0.126420869617755
"1981.333",-0.123214242685298
"1981.417",-0.128868229394862
"1981.5",-0.13415241273646
"1981.583",-0.13516368473101
"1981.667",-0.132863169333617
"1981.75",-0.13086232491046
"1981.833",-0.127793263028848
"1981.917",-0.101283587058393
"1982",-0.0758420248082184
"1982.083",-0.0786928494347038
"1982.167",-0.104274269331432
"1982.25",-0.300213856427297
"1982.333",-0.337958503802547
"1982.417",-0.388919984895124
"1982.5",-0.478504272967019
"1982.583",-0.498068119743809
"1982.667",-0.50971627470262
"1982.75",-0.582829026574091
"1982.833",-0.794869849660606
"1982.917",-1.01423048841747
"1983",-1.12401748027071
"1983.083",-1.02366600651443
"1983.167",-1.03621213204577
"1983.25",-0.962608075818408
"1983.333",-0.866929962907659
"1983.417",-0.924105236621089
"1983.5",-0.836373164182291
"1983.583",-0.673305953297813
"1983.667",-0.652898695524157
"1983.75",-0.683299986594848
"1983.833",-0.568561920995164
"1983.917",-0.565852639386448
"1984",-0.538390832177882
"1984.083",-0.495320637345305
"1984.167",-0.471483125907524
"1984.25",-0.439132090623506
"1984.333",-0.428704043978978
"1984.417",-0.403505903835291
"1984.5",-0.387222600313937
"1984.583",-0.375906059306792
"1984.667",-0.372890323456378
"1984.75",-0.34911348143157
"1984.833",-0.327729167302972
"1984.917",-0.298821468964521
"1985",-0.282412809501556
"1985.083",-0.262722059929041
"1985.167",-0.243453209084519
"1985.25",-0.221266984855933
"1985.333",-0.203284061833235
"1985.417",-0.186562159234226
"1985.5",-0.175291942380421
"1985.583",-0.170206447903383
"1985.667",-0.160869064623451
"1985.75",-0.156360600964565
"1985.833",-0.14777777905967
"1985.917",-0.174088077620638
"1986",-0.21824704602313
"1986.083",-0.230646670654075
"1986.167",-0.224558784301959
"1986.25",-0.219180457548934
"1986.333",-0.211895378753138
"1986.417",-0.200329299307343
"1986.5",-0.192244450722261
"1986.583",-0.189715783441822
"1986.667",-0.179454282361397
"1986.75",-0.178225085014641
"1986.833",-0.171869430708866
"1986.917",-0.165759005876409
"1987",-0.159273183775977
"1987.083",-0.152519857317416
"1987.167",-0.14516652811078
"1987.25",-0.139701207410147
"1987.333",-0.141154843944648
"1987.417",-0.136172010453641
"1987.5",-0.127539061280881
"1987.583",-0.1237908860267
"1987.667",-0.119864695345917
"1987.75",-0.119748544595998
"1987.833",-0.112730029541014
"1987.917",-0.1064969725974
"1988",-0.101217003372237
"1988.083",-0.0999688886838693
"1988.167",-0.0963602621364136
"1988.25",-0.0919302009827258
"1988.333",-0.0851888877101161
"1988.417",-0.0832476091125148
"1988.5",-0.0827779085458271
"1988.583",-0.0846912821131013
"1988.667",-0.0843817710072876
"1988.75",-0.0801118600759431
"1988.833",-0.0741552041314169
"1988.917",-0.068583281441661
"1989",-0.0658426273556152
"1989.083",-0.0640990809925828
"1989.167",-0.0603622543236099
"1989.25",-0.0577484238678327
"1989.333",-0.0548452416925111
"1989.417",-0.0528722409127804
"1989.5",-0.0517761585155407
"1989.583",-0.0523700254019781
"1989.667",-0.0525245979464975
"1989.75",-0.0509412134337025
"1989.833",-0.0464998711874733
"1989.917",-0.0436750279455433
"1990",-0.0439438552946366
"1990.083",-0.0464163137090799
"1990.167",-0.0553988980939799
"1990.25",-0.0605995709626094
"1990.333",-0.0630565880424898
"1990.417",-0.0626447022632192
"1990.5",-0.0647170838404585
"1990.583",-0.0686330460748668
"1990.667",-0.0669753005806397
"1990.75",-0.0633449239300496
"1990.833",-0.0585161016421104
"1990.917",-0.0538596318915857
"1991",-0.0544506727508012
"1991.083",-0.054163760464671
"1991.167",-0.0516914137797739
"1991.25",-0.0512316014425435
"1991.333",-0.0522195831393207
"1991.417",-0.102437687813505
"1991.5",-0.457157197012171
"1991.583",-1.21813846982604
"1991.667",-1.40655757986516
"1991.75",-1.60793226091351
"1991.833",-1.80325795634788
"1991.917",-1.84960458585344
"1992",-1.86406690812095
"1992.083",-1.88798902202115
"1992.167",-1.85654358006021
"1992.25",-1.82420173706796
"1992.333",-1.80410817790857
"1992.417",-1.82747582449264
"1992.5",-1.83369964784077
"1992.583",-1.814292846893
"1992.667",-1.63214706324502
"1992.75",-1.49367465139823
"1992.833",-1.35228440434394
"1992.917",-1.29641188923793
"1993",-1.18575785419704
"1993.083",-1.12176467943547
"1993.167",-1.07863738634516
"1993.25",-1.18080458512814
"1993.333",-1.1020279301533
"1993.417",-0.987973092315093
"1993.5",-0.919328392725841
"1993.583",-0.842244146281906
"1993.667",-0.773520197910219
"1993.75",-0.681985388905616
"1993.833",-0.536758418851605
"1993.917",-0.46806155260852
"1994",-0.401582145885147
"1994.083",-0.351355591248748
"1994.167",-0.311938008338913
"1994.25",-0.276540117787241
"1994.333",-0.251864057697936
"1994.417",-0.233160520046629
"1994.5",-0.21922926833566
"1994.583",-0.206302727733383
"1994.667",-0.200050143769386
"1994.75",-0.187284985646925
"1994.833",-0.17220013490128
"1994.917",-0.157566174920026
"1995",-0.148790866412421
"1995.083",-0.137578678526754
"1995.167",-0.129799045610618
"1995.25",-0.119609168287394
"1995.333",-0.108990893515404
"1995.417",-0.101592803950052
"1995.5",-0.0952641089392163
"1995.583",-0.0903812008112764
"1995.667",-0.0861643149028132
"1995.75",-0.0797391372535434
"1995.833",-0.0728433721150991
"1995.917",-0.0677299510280389
"1996",-0.0638398529714079
"1996.083",-0.05954048596539
"1996.167",-0.0584247874903697
"1996.25",-0.0555058501320999
"1996.333",-0.0524796713552876
"1996.417",-0.0492468280560448
"1996.5",-0.045716782397955
"1996.583",-0.0456775677964733
"1996.667",-0.0456521716227276
"1996.75",-0.0435504185686083
"1996.833",-0.0385926236300017
"1996.917",-0.0362365605852412
"1997",-0.0350179564445648
"1997.083",-0.0345230617780749
"1997.167",-0.0345580623978082
"1997.25",-0.0332147367765227
"1997.333",-0.0308442671151588
"1997.417",-0.0289530947444709
"1997.5",-0.0277441829997611
"1997.583",-0.0279036072045307
"1997.667",-0.028562679445167
"1997.75",-0.0286814626036535
"1997.833",-0.0265553961616962
"1997.917",-0.0269397413560776
"1998",-0.0266972784535803
"1998.083",-0.0278791019639225
"1998.167",-0.0279423752918856
"1998.25",-0.0288312289968364
"1998.333",-0.0267262761318258
"1998.417",-0.0248796213258334
"1998.5",-0.0243548465032502
"1998.583",-0.0275697545614983
"1998.667",-0.0321941367117233
"1998.75",-0.0342158268961348
"1998.833",-0.0299499725883577
"1998.917",-0.0269210309670377
"1999",-0.023664812383136
"1999.083",-0.0231261257355362
"1999.167",-0.0224350552512999
"1999.25",-0.023296475820885
"1999.333",-0.0236464000093898
"1999.417",-0.0242044581449359
"1999.5",-0.024584090645122
"1999.583",-0.0286297721098391
"1999.667",-0.0304376862296016
"1999.75",-0.0301824130692143
"1999.833",-0.0271521087694465
"1999.917",-0.0252107490010632
"2000",-0.0235911284384573
"2000.083",-0.02366993791995
"2000.167",-0.0242314322703041
"2000.25",-0.0262840951839015
"2000.333",-0.0236132155410093
"2000.417",-0.0220508327109984
"2000.5",-0.0215437443792738
"2000.583",-0.0222524872572305
"2000.667",-0.0238404448995611
"2000.75",-0.0264485470386699
"2000.833",-0.0298277109685445
"2000.917",-0.0301376736167636
"2001",-0.0293398004013565
"2001.083",-0.0261716795021316
"2001.167",-0.024970825588737
"2001.25",-0.0239609282447267
"2001.333",-0.0245030324606017
"2001.417",-0.0271082099074875
"2001.5",-0.0305340474111648
"2001.583",-0.0367676042195397
"2001.667",-0.0326071187455049
"2001.75",-0.0326963348480275
"2001.833",-0.0286922903579757
"2001.917",-0.0253878202187187
"2002",-0.023856264252921
"2002.083",-0.0230517731196032
"2002.167",-0.0220403554546271
"2002.25",-0.0204029962178079
"2002.333",-0.0204665038695367
"2002.417",-0.0207618515418605
"2002.5",-0.0199696370254082
"2002.583",-0.019055772932403
"2002.667",-0.0182442208389544
"2002.75",-0.0230097411706661
"2002.833",-0.0251788667819974
"2002.917",-0.0288483079938294
"2003",-0.0323184848875467
"2003.083",-0.0358536229646516
"2003.167",-0.0366212723201765
"2003.25",-0.0332696197034268
"2003.333",-0.0317789809800688
"2003.417",-0.0329413459054974
"2003.5",-0.0346191622823054
"2003.583",-0.0377306418237206
"2003.667",-0.0402362800673588
"2003.75",-0.0387780111115379
"2003.833",-0.0358982461082311
"2003.917",-0.0327225631569752
"2004",-0.029726208147704
"2004.083",-0.029303425175979
"2004.167",-0.0272654961061827
"2004.25",-0.0274398550015575
"2004.333",-0.026056578510113
"2004.417",-0.0243455082118273
"2004.5",-0.0237905264998021
"2004.583",-0.0243936784766797
"2004.667",-0.0250547724594145
"2004.75",-0.0255026977965401
"2004.833",-0.026076030226039
"2004.917",-0.0281914369419816
"2005",-0.0312874593307077
"2005.083",-0.0360268138477906
"2005.167",-0.043241610344301
"2005.25",-0.050630350873277
"2005.333",-0.0500785363032979
"2005.417",-0.051296001359305
"2005.5",-0.0522848133505751
"2005.583",-0.0557011466146727
"2005.667",-0.060676475010875
"2005.75",-0.0756949121937873
"2005.833",-0.0758864277401353
"2005.917",-0.0742493900437701
"2006",-0.0710293779236477
"2006.083",-0.0699853809047034
"2006.167",-0.0630790766740339
"2006.25",-0.070232293055517
"2006.333",-0.0668739918274064
"2006.417",-0.0710562976657891
"2006.5",-0.063425249557241
"2006.583",-0.0812373277179684
"2006.667",-0.0911567275038684
"2006.75",-0.105645755796715
"2006.833",-0.0977666185161183
"2006.917",-0.0992137609391023
"2007",-0.0983266265761774
"2007.083",-0.0917181801165176
"2007.167",-0.0842596414546114
"2007.25",-0.0874156447263493
"2007.333",-0.073202977924688
"2007.417",-0.0784987290904243
"2007.5",-0.0698052505482345
"2007.583",-0.0721067830346811
"2007.667",-0.0799066062550134
"2007.75",-0.0717481256242702
"2007.833",-0.0649284552805498
"2007.917",-0.0553457183767081
"2008",-0.05409887976367
"2008.083",-0.0581190600145014
"2008.167",-0.0586627352082554
"2008.25",-0.0588811074187864
"2008.333",-0.054917225645057
"2008.417",-0.0561943321453448
"2008.5",-0.0692794437612731
"2008.583",-0.0956206583037125
"2008.667",-0.0969433247038984
"2008.75",-0.0899954688446126
"2008.833",-0.0869949231243463
"2008.917",-0.082768166884703
"2009",-0.0732873655479231
"2009.083",-0.0774160142968407
"2009.167",-0.0769727769016105
"2009.25",-0.0817037474227036
"2009.333",-0.0731525311216946
"2009.417",-0.0958125240038138
"2009.5",-0.128091837628851
"2009.583",-0.134260693063194
"2009.667",-0.127480825644509
"2009.75",-0.110519338323649
"2009.833",-0.0927591738464566
"2009.917",-0.0783266531681897
"2010",-0.0676686209950431
"2010.083",-0.0667110369779552
"2010.167",-0.0636675030977839
"2010.25",-0.0606191810992395
"2010.333",-0.0581957069321664
"2010.417",-0.0611932256736508
"2010.5",-0.0531642987141527
"2010.583",-0.0571540170849529
"2010.667",-0.0607096840070784
"2010.75",-0.0644507059963017
"2010.833",-0.0716852723521112
"2010.917",-0.0690607852082377
"2011",-0.0704848009919433
"2011.083",-0.0701026208755288
"2011.167",-0.0659389171236511
"2011.25",-0.0648190205149388
"2011.333",-0.065147115509678
"2011.417",-0.126719786739302
"2011.5",-0.113048662602553
"2011.583",-0.121150410244089
"2011.667",-0.124058180484131
"2011.75",-0.118669899595283
"2011.833",-0.106717936885515
"2011.917",-0.091682699385975
"2012",-0.0783322433269193
"2012.083",-0.0686742414738931
"2012.167",-0.066677653159282
"2012.25",-0.0688763397507406
"2012.333",-0.0595559873998536
"2012.417",-0.0548666346531836
"2012.5",-0.0530704801355045
"2012.583",-0.0498479327154431
"2012.667",-0.0548599265405268
"2012.75",-0.0524205591223576
"2012.833",-0.0513560847383873
"2012.917",-0.0469564737919412
"2013",-0.0429105390576232
"2013.083",-0.042256249308477
"2013.167",-0.047446740855878
"2013.25",-0.0443598516916084
"2013.333",-0.042755212420975
"2013.417",-0.0376679634039615
"2013.5",-0.0394129954437192
"2013.583",-0.0419896221305444
"2013.667",-0.0432530027772956
"2013.75",-0.0414212805817576
"2013.833",-0.0422797376845075
"2013.917",-0.0359214396116419
"2014",-0.0332845093340719
"2014.083",-0.0444646593036198
"2014.167",-0.0593538214357923
"2014.25",-0.0672320486129395
"2014.333",-0.0682184812407655
"2014.417",-0.0689605396515771
"2014.5",-0.0705781967911365
"2014.583",-0.069734060300476
"2014.667",-0.070791822082255
"2014.75",-0.0716207889300097
"2014.833",-0.0660768973666372
"2014.917",-0.0662859478072319
"2015",-0.0802106986302197
"2015.083",-0.0734158702250532
"2015.167",-0.0656744878017854
"2015.25",-0.0738288192409632
"2015.333",-0.0869867350165769
"2015.417",-0.102288529685565
"2015.5",-0.118136532001642
"2015.583",-0.125479497249235
"2015.667",-0.134055169243977
"2015.75",-0.125946008272731
"2015.833",-0.127931967652401
"2015.917",-0.126001131425669
"2016",-0.121601155198541
"2016.083",-0.111268811296978
"2016.167",-0.0914874127866409
"2016.25",-0.0913776112078295
"2016.333",-0.0906094295477991
"2016.417",-0.0887718939922249
"2016.5",-0.0855806552569839
"2016.583",-0.0814843509381832
"2016.667",-0.0822450596499797
"2016.75",-0.0820117972372946
"2016.833",-0.0777280220580895
"2016.917",-0.0727301808349588
"2017",-0.0692662109267831
"2017.083",-0.0653047769913863
"2017.167",-0.0609085318709799
"2017.25",-0.0652062208731535
"2017.333",-0.0646058393353793
"2017.417",-0.060356159386645
"2017.5",-0.0653166205331902
"2017.583",-0.0586488736536234
"2017.667",-0.0762947311362839
"2017.75",-0.0784590153342348
"2017.833",-0.0752671386456868
"2017.917",-0.0715118433726339
"2018",-0.0700820243890186
"2018.083",-0.0637395171468906
"2018.167",-0.0600954879848804
"2018.25",-0.0675875257446669
"2018.333",-0.0693152535872634
"2018.417",-0.0721482309337171
"2018.5",-0.0780377115836689
"2018.583",-0.0890670056713212
"2018.667",-0.101256578869731
"2018.75",-0.104266691006181
"2018.833",-0.108169516048575
"2018.917",-0.10606243755306
"2019",-0.103079162394671
"2019.083",-0.0997666205185925
"2019.167",-0.0941825508131462
"2019.25",-0.0911031992732974
"2019.333",-0.0878827925767577
"2019.417",-0.104747164925977
"2019.5",-0.15232918837056
"2019.583",-0.211845017877835
"2019.667",-0.229672193651987
"2019.75",-0.214447345966496
"2019.833",-0.207377427801408
"2019.917",-0.20326219957922
"2020",-0.2330959939714
"2020.083",-0.250312881529019
"2020.167",-0.233712186323106
"2020.25",-0.217207245454918
"2020.333",-0.198623481595258
"2020.417",-0.182322532431168
"2020.5",-0.167238126485727
"2020.583",-0.16010570116488
"2020.667",-0.145604593103751
"2020.75",-0.137933265928014
"2020.833",-0.130814642481599
"2020.917",-0.11938754156783
"2021",-0.118046743140757
"2021.083",-0.10645807595135
"2021.167",-0.100865418412924
"2021.25",-0.0999746761079408
"2021.333",-0.117415874795905
"2021.417",-0.137823633038779
"2021.5",-0.147868422554269
"2021.583",-0.145873376940598
"2021.667",-0.138026965319989
"2021.75",-0.137871448865977
"2021.833",-0.128051614568307
"2021.917",-0.119315319426013
"2022",-0.117580784192238
"2022.083",-0.148885252649892
"2022.167",-0.194043636273455
"2022.25",-0.200913963998845
"2022.333",-0.197028521650527
"2022.417",-0.200936476389585
"2022.5",-0.209495938849578
"2022.583",-0.208681950301851
"2022.667",-0.203495941990428
"2022.75",-0.195847702283532
"2022.833",-0.193183074067229
"2022.917",-0.16679474893732
